method,position,target,quantile,rows,empirical_rate,calibration_error,absolute_calibration_error
position_prior,QB,passing_yards,0.1,3180,0.10786163522012579,0.007861635220125784,0.007861635220125784
position_prior,QB,passing_yards,0.5,3180,0.5540880503144654,0.0540880503144654,0.0540880503144654
position_prior,QB,passing_yards,0.9,3180,0.9323899371069182,0.032389937106918176,0.032389937106918176
quantile_engine,QB,passing_yards,0.1,3180,0.16823899371069181,0.06823899371069181,0.06823899371069181
quantile_engine,QB,passing_yards,0.5,3180,0.5440251572327044,0.04402515723270439,0.04402515723270439
quantile_engine,QB,passing_yards,0.9,3180,0.8845911949685534,-0.015408805031446593,0.015408805031446593
rolling_5,QB,passing_yards,0.1,3180,0.14622641509433962,0.04622641509433961,0.04622641509433961
rolling_5,QB,passing_yards,0.5,3180,0.5122641509433963,0.01226415094339628,0.01226415094339628
rolling_5,QB,passing_yards,0.9,3180,0.9034591194968553,0.0034591194968552896,0.0034591194968552896
