method,position,target,rows,nominal_coverage,empirical_coverage,coverage_error,mean_interval_width
position_prior,QB,carries,3180,0.8,0.9226415094339623,0.12264150943396224,7.841981132075476
position_prior,RB,carries,7442,0.8,0.9109110454178985,0.11091104541789842,18.0
position_prior,WR,carries,11879,0.8,0.9687684148497349,0.16876841484973482,1.0
quantile_engine,QB,carries,3180,0.8,0.9025157232704403,0.10251572327044023,6.711327190618272
quantile_engine,RB,carries,7442,0.8,0.8654931470034937,0.06549314700349362,12.808502715747442
quantile_engine,WR,carries,11879,0.8,0.9587507365939893,0.1587507365939893,1.195745263682508
rolling_5,QB,carries,3180,0.8,0.809748427672956,0.009748427672955917,5.476824947589099
rolling_5,RB,carries,7442,0.8,0.8179252889008332,0.017925288900833114,11.036150676341489
rolling_5,WR,carries,11879,0.8,0.8363498610994191,0.03634986109941907,0.6387389510901608
